{
  "lord": {
    "StrengthMultiplier": 0.5,
    "DotColour": "Yellow",
    "DotCount": 5,
    "Type": "Arab"
  },
  "startTroops": {
    "normal": {
      "Slinger": 4,
	  "Slaves": 8
    },
    "crusader": {
      "Slinger": 18,
      "ArabArcher": 24,
      "Slave": 16
    },
    "deathmatch": {
      "Slinger": 8,
	  "ArabArcher" : 4,
	  "Slave": 8
    }
  },
  "aic": {
    "WallDecoration": 13,
				"Unknown001": 0,
				"Unknown002": 0,
				"Unknown003": 0,
				"Unknown004": 1,
				"Unknown005": 1,
				"CriticalPopularity": 8500,
				"LowestPopularity": 9700,
				"HighestPopularity": 9900,
				"TaxesMin": 2,
				"TaxesMax": 11,
				"Unknown011": 10,
				"Farm1": "AppleFarm",
				"Farm2": "WheatFarm",
				"Farm3": "DairyFarm",
				"Farm4": "WheatFarm",
				"Farm5": "AppleFarm",
				"Farm6": "WheatFarm",
				"Farm7": "AppleFarm",
				"Farm8": "DairyFarm",
				"PopulationPerFarm": 5,
				"PopulationPerWoodcutter": 1,
				"PopulationPerQuarry": 4,
				"PopulationPerIronmine": 18,
				"PopulationPerPitchrig": 200,
				"MaxQuarries": 5,
				"MaxIronmines": 3,
				"MaxWoodcutters": 8,
				"MaxPitchrigs": 3,
				"MaxFarms": 11,
				"BuildInterval": 3,
				"ResourceRebuildDelay": 20,
				"MaxFood": 40,
				"MinimumApples": 0,
				"MinimumCheese": 0,
				"MinimumBread": 0,
				"MinimumWheat": 2,
				"MinimumHop": 0,
				"TradeAmountFood": 2,
				"TradeAmountEquipment": 3,
				"AIRequestDelay": 30,
				"MinimumGoodsRequiredAfterTrade": 0,
				"DoubleRationsFoodThreshold": 45,
				"MaxWood": 70,
				"MaxStone": 10,
				"MaxResourceOther": 8,
				"MaxEquipment": 17,
				"MaxBeer": 0,
				"MaxResourceVariance": 0,
				"RecruitGoldThreshold": 0,
				"BlacksmithSetting": "Swords",
				"FletcherSetting": "Bows",
				"PoleturnerSetting": "Spears",
				"SellResource01": "None",
   				"SellResource02": "Hop",
   				"SellResource03": "Iron",
   				"SellResource04": "Cheese",
    			"SellResource05": "None",
    			"SellResource06": "Beer",
    			"SellResource07": "None",
    			"SellResource08": "None",
    			"SellResource09": "None",
    			"SellResource10": "Crossbows",
    			"SellResource11": "Pikes",
    			"SellResource12": "Maces",
    			"SellResource13": "Swords",
    			"SellResource14": "LeatherArmors",
    			"SellResource15": "IronArmors",
				"DefWallPatrolRallyTime": 2,
				"DefWallPatrolGroups": 3,
				"DefSiegeEngineGoldThreshold": 70,
				"DefSiegeEngineBuildDelay": 4,
				"Unknown072": 200,
				"Unknown073": 20,
				"RecruitProbDefDefault": 2,
				"RecruitProbDefWeak": 2,
				"RecruitProbDefStrong": 2,
				"RecruitProbRaidDefault": 90,
				"RecruitProbRaidWeak": 90,
				"RecruitProbRaidStrong": 90,
				"RecruitProbAttackDefault": 9,
				"RecruitProbAttackWeak": 9,
				"RecruitProbAttackStrong": 9,
				"SortieUnitRangedMin": 10,
				"SortieUnitRanged": "EuropArcher",
				"SortieUnitMeleeMin": 10,
				"SortieUnitMelee": "Spearman",
				"DefDiggingUnitMax": 4,
				"DefDiggingUnit": "Slave",
				"RecruitInterval": 0,
				"RecruitIntervalWeak": 0,
				"RecruitIntervalStrong": 0,
				"DefTotal": 115,
				"OuterPatrolGroupsCount": 5,
				"OuterPatrolGroupsMove": "True",
				"OuterPatrolRallyDelay": 4,
				"DefWalls": 65,
				"DefUnit1": "Slinger",
				"DefUnit2": "Slinger",
				"DefUnit3": "Slinger",
				"DefUnit4": "Slinger",
				"DefUnit5": "Slinger",
				"DefUnit6": "ArabArcher",
				"DefUnit7": "Slinger",
				"DefUnit8": "Slinger",
				"RaidUnitsBase": 3,
				"RaidUnitsRandom": 6,
				"RaidUnit1": "ArabSwordsman",
				"RaidUnit2": "ArabSwordsman",
				"RaidUnit3": "ArabSwordsman",
				"RaidUnit4": "ArabSwordsman",
				"RaidUnit5": "ArabSwordsman",
				"RaidUnit6": "ArabSwordsman",
				"RaidUnit7": "ArabSwordsman",
				"RaidUnit8": "ArabSwordsman",
				"HarassingSiegeEngine1": "Catapult",
				"HarassingSiegeEngine2": "None",
				"HarassingSiegeEngine3": "None",
				"HarassingSiegeEngine4": "None",
				"HarassingSiegeEngine5": "None",
				"HarassingSiegeEngine6": "None",
				"HarassingSiegeEngine7": "None",
				"HarassingSiegeEngine8": "None",
				"HarassingSiegeEnginesMax": 2,
				"RaidRetargetDelay": 1,
				"AttForceBase": 20,
				"AttForceRandom": 0,
				"AttForceSupportAllyThreshold": 30,
				"AttForceRallyPercentage": 10,
				"Unknown129": 100,
				"AttAssaultDelay": 0,
				"AttUnitPatrolRecommandDelay": 2,
				"Unknown132": 80,
				"SiegeEngine1": "BatteringRam",
				"SiegeEngine2": "BatteringRam",
				"SiegeEngine3": "Catapult",
				"SiegeEngine4": "Catapult",
				"SiegeEngine5": "Catapult",
				"SiegeEngine6": "Catapult",
				"SiegeEngine7": "None",
				"SiegeEngine8": "None",
				"CowThrowInterval": 10000,
				"Unknown142": 0,
				"AttMaxEngineers": 16,
				"AttDiggingUnit": "Slave",
				"AttDiggingUnitMax": 8,
				"AttUnitVanguard": "None",
				"AttUnitVanguardMax": 0,
				"AttMaxAssassins": 8,
				"AttMaxLaddermen": 0,
				"AttMaxTunnelers": 0,
				"AttUnitPatrol": "None",
				"AttUnitPatrolMax": 0,
				"AttUnitPatrolGroupsCount": 1,
				"AttUnitBackup": "None",
				"AttUnitBackupMax": 0,
				"AttUnitBackupGroupsCount": 1,
				"AttUnitEngage": "None",
				"AttUnitEngageMax": 0,
				"AttUnitSiegeDef": "None",
				"AttUnitSiegeDefMax": 0,
				"AttUnitSiegeDefGroupsCount": 1,
				"AttUnitMain1": "ArabSwordsman",
				"AttUnitMain2": "ArabSwordsman",
				"AttUnitMain3": "ArabSwordsman",
				"AttUnitMain4": "ArabSwordsman",
				"AttMaxDefault": 8,
				"AttMainGroupsCount": 2,
				"TargetChoice": "Closest",
				"RunningUnits_Slaves": 1,
				"RunningUnits_Slingers": 1
				
  }
}